tag,output_file_barcodes,demuxed_count,fwd,rvs,barcodes_count,fwd:not_exact_match,fwd_failed:context_not_present_in_reference_sequence,fwd_failed:barcode_not_in_fasta,fwd_failed:low_confidence_barcode_identification,rvs:not_exact_match,rvs_failed:context_not_present_in_reference_sequence,rvs_failed:barcode_not_in_fasta,rvs_failed:low_confidence_barcode_identification
2nd-TPDNAP-DE4-p1,L477M-K777T--F429-D504..U14-E8,2979,Barcode13,Barcode22,2979,2,0,0,0,99,0,0,0
2nd-TPDNAP-DE4-p1,pGR481ctrl,1817,Barcode4,Barcode1,1817,0,0,0,0,0,0,0,0
2nd-TPDNAP-DE4-p1,N725Y--..U14-E2,1380,Barcode13,Barcode4,1380,0,0,0,0,1,0,0,0
2nd-TPDNAP-DE4-p1,D257H--..U14-E10,487,Barcode13,Barcode28,487,0,0,0,0,0,0,0,0
2nd-TPDNAP-DE4-p1,N725Y--..U14-E5,453,Barcode13,Barcode13,453,0,0,0,0,3,0,0,0
2nd-TPDNAP-DE4-p1,A458V--L279-S297-V523..U710-H6,431,Barcode22,Barcode16,431,30,0,0,0,1,0,0,0
2nd-TPDNAP-DE4-p1,S289T-I432V--N701-S740..U14-E12,403,Barcode13,Barcode34,403,0,0,0,0,0,0,0,0
2nd-TPDNAP-DE4-p1,R682S-K777M--I752-Y864-R969..U15-G6,391,Barcode19,Barcode16,391,0,0,0,0,0,0,0,0
2nd-TPDNAP-DE4-p1,T532S-F616Y--G658..U14-D12,388,Barcode10,Barcode34,388,0,0,0,0,0,0,0,0
2nd-TPDNAP-DE4-p1,--N450-V838..U14-D5,371,Barcode10,Barcode13,371,0,0,0,0,1,0,0,0
2nd-TPDNAP-DE4-p1,I824T-K825R--..U58-B6,351,Barcode4,Barcode16,351,0,0,0,0,1,0,0,0
2nd-TPDNAP-DE4-p1,E263D-K777M--S721..U14-D9,346,Barcode10,Barcode25,346,0,0,0,0,1,0,0,0
2nd-TPDNAP-DE4-p1,trixy..U14-D6,342,Barcode10,Barcode16,342,0,0,0,0,1,0,0,0
2nd-TPDNAP-DE4-p1,L474M-I536V--..U910-F10,328,Barcode16,Barcode28,328,0,0,0,0,0,0,0,0
2nd-TPDNAP-DE4-p1,E263D-K777M--S721..U14-E3,325,Barcode13,Barcode7,325,0,0,0,0,0,0,0,0
2nd-TPDNAP-DE4-p1,--L473..U14-D10,319,Barcode10,Barcode28,319,0,0,0,0,0,0,0,0
2nd-TPDNAP-DE4-p1,--Y921-E933-*988..U910-F5,317,Barcode16,Barcode13,317,0,0,0,0,2,0,0,0
2nd-TPDNAP-DE4-p1,L474M-I536V--..U910-F12,311,Barcode16,Barcode34,311,1,0,0,0,0,0,0,0
2nd-TPDNAP-DE4-p1,S733T-D802N-H873Q--..U14-E6,306,Barcode13,Barcode16,306,0,0,0,0,1,0,0,0
2nd-TPDNAP-DE4-p1,K878E--..U910-F6,299,Barcode16,Barcode16,299,0,0,0,0,0,0,0,0
2nd-TPDNAP-DE4-p1,N683S-K777R--D362-S900-Q925..U710-H4,290,Barcode22,Barcode10,290,10,0,0,0,0,0,0,0
2nd-TPDNAP-DE4-p1,G461D-E861V--..U14-D3,277,Barcode10,Barcode7,277,1,0,0,0,1,0,0,0
2nd-TPDNAP-DE4-p1,N725I--T310-S340-V583..U710-H5,276,Barcode22,Barcode13,276,16,0,0,0,0,0,0,0
2nd-TPDNAP-DE4-p1,R682S-K777M--I752-Y864-R969..U15-G5,276,Barcode19,Barcode13,276,0,0,0,0,3,0,0,0
2nd-TPDNAP-DE4-p1,I824T-K825R--..U58-B5,275,Barcode4,Barcode13,275,0,0,0,0,2,0,0,0
2nd-TPDNAP-DE4-p1,R682S-K777M--I752-Y864-R969..U15-G4,272,Barcode19,Barcode10,272,0,0,0,0,0,0,0,0
2nd-TPDNAP-DE4-p1,--I265..UW34-A5,270,Barcode1,Barcode13,270,0,0,0,0,2,0,0,0
2nd-TPDNAP-DE4-p1,K668R--Y674..U14-D11,267,Barcode10,Barcode31,267,0,0,0,0,0,0,0,0
2nd-TPDNAP-DE4-p1,I824T-K825R--..U58-B4,264,Barcode4,Barcode10,264,0,0,0,0,0,0,0,0
2nd-TPDNAP-DE4-p1,N725Y--..U14-D8,261,Barcode10,Barcode22,261,0,0,0,0,7,0,0,0
2nd-TPDNAP-DE4-p1,E266D-Q598K-N713S--E980..U58-C6,259,Barcode7,Barcode16,259,0,0,0,0,0,0,0,0
2nd-TPDNAP-DE4-p1,trixy..U14-E11,257,Barcode13,Barcode31,257,1,0,0,0,1,0,0,0
2nd-TPDNAP-DE4-p1,I824T-K825R--..U58-C5,247,Barcode7,Barcode13,247,0,0,0,0,2,0,0,0
2nd-TPDNAP-DE4-p1,N880S--L419-R677..UW34-A6,247,Barcode1,Barcode16,247,0,0,0,0,0,0,0,0
2nd-TPDNAP-DE4-p1,L477M-K777T--F429-D504..U58-C4,245,Barcode7,Barcode10,245,0,0,0,0,0,0,0,0
2nd-TPDNAP-DE4-p1,N981S--S831..U910-E1,243,Barcode13,Barcode1,243,0,0,0,0,0,0,0,0
2nd-TPDNAP-DE4-p1,N282D-F304L-A458S--V524..U14-E4,217,Barcode13,Barcode10,217,1,0,0,0,0,0,0,0
2nd-TPDNAP-DE4-p1,Q255H-K349I-F796V--A951..U910-F8,213,Barcode16,Barcode22,213,0,0,0,0,6,0,0,0
2nd-TPDNAP-DE4-p1,L474M-I536V--..U910-F9,212,Barcode16,Barcode25,212,0,0,0,0,0,0,0,0
2nd-TPDNAP-DE4-p1,--R448..U910-F3,210,Barcode16,Barcode7,210,0,0,0,0,1,0,0,0
2nd-TPDNAP-DE4-p1,trixy..UW12-A4,209,Barcode1,Barcode10,209,0,0,0,0,0,0,0,0
2nd-TPDNAP-DE4-p1,E266G--V890..U910-F1,207,Barcode16,Barcode1,207,0,0,0,0,0,0,0,0
2nd-TPDNAP-DE4-p1,K878E--..U910-F4,200,Barcode16,Barcode10,200,0,0,0,0,0,0,0,0
2nd-TPDNAP-DE4-p1,N981I--E527..U910-F11,195,Barcode16,Barcode31,195,1,0,0,0,0,0,0,0
2nd-TPDNAP-DE4-p1,--T706..U14-D4,192,Barcode10,Barcode10,192,0,0,0,0,0,0,0,0
2nd-TPDNAP-DE4-p1,trixy..U14-D2,187,Barcode10,Barcode4,187,0,0,0,0,0,0,0,0
2nd-TPDNAP-DE4-p1,N725Y--..U14-E9,186,Barcode13,Barcode25,186,1,0,0,0,0,0,0,0
2nd-TPDNAP-DE4-p1,trixy..U14-D1,180,Barcode10,Barcode1,180,0,0,0,0,0,0,0,0
2nd-TPDNAP-DE4-p1,trixy..U910-F2,142,Barcode16,Barcode4,142,0,0,0,0,0,0,0,0
2nd-TPDNAP-DE4-p1,K777T-G887D--..U14-D7,121,Barcode10,Barcode19,121,0,0,0,0,0,0,0,0
2nd-TPDNAP-DE4-p1,S289T--T489..U14-E7,97,Barcode13,Barcode19,97,0,0,0,0,0,0,0,0
2nd-TPDNAP-DE4-p1,--Y921-E933-*988..U910-F7,93,Barcode16,Barcode19,93,1,0,0,0,0,0,0,0
2nd-TPDNAP-DE4-p1,Barcode13-fail,35,Barcode13,fail,35,0,0,0,0,0,30,5,0
2nd-TPDNAP-DE4-p1,fail-Barcode10,30,fail,Barcode10,30,0,21,8,1,0,0,0,0
2nd-TPDNAP-DE4-p1,fail-Barcode16,24,fail,Barcode16,24,0,18,6,0,0,0,0,0
2nd-TPDNAP-DE4-p1,fail-Barcode13,22,fail,Barcode13,22,0,11,11,0,0,0,0,0
2nd-TPDNAP-DE4-p1,fail-Barcode1,18,fail,Barcode1,18,0,17,0,1,0,0,0,0
2nd-TPDNAP-DE4-p1,fail-Barcode22,18,fail,Barcode22,18,0,17,0,1,1,0,0,0
2nd-TPDNAP-DE4-p1,Barcode4-fail,15,Barcode4,fail,15,0,0,0,0,0,15,0,0
2nd-TPDNAP-DE4-p1,Barcode10-fail,11,Barcode10,fail,11,0,0,0,0,0,9,2,0
2nd-TPDNAP-DE4-p1,Barcode16-fail,11,Barcode16,fail,11,0,0,0,0,0,8,3,0
2nd-TPDNAP-DE4-p1,fail-Barcode4,11,fail,Barcode4,11,0,11,0,0,0,0,0,0
2nd-TPDNAP-DE4-p1,fail-Barcode28,8,fail,Barcode28,8,0,7,0,1,0,0,0,0
2nd-TPDNAP-DE4-p1,Barcode1-fail,6,Barcode1,fail,6,0,0,0,0,0,5,1,0
2nd-TPDNAP-DE4-p1,fail-Barcode25,4,fail,Barcode25,4,0,4,0,0,0,0,0,0
2nd-TPDNAP-DE4-p1,fail-Barcode31,4,fail,Barcode31,4,0,4,0,0,0,0,0,0
2nd-TPDNAP-DE4-p1,fail-Barcode34,4,fail,Barcode34,4,0,4,0,0,0,0,0,0
2nd-TPDNAP-DE4-p1,Barcode19-fail,3,Barcode19,fail,3,0,0,0,0,0,3,0,0
2nd-TPDNAP-DE4-p1,Barcode22-fail,3,Barcode22,fail,3,0,0,0,0,0,3,0,0
2nd-TPDNAP-DE4-p1,Barcode7-fail,2,Barcode7,fail,2,0,0,0,0,0,2,0,0
2nd-TPDNAP-DE4-p1,fail-Barcode19,2,fail,Barcode19,2,0,1,1,0,0,0,0,0
2nd-TPDNAP-DE4-p1,fail-Barcode7,2,fail,Barcode7,2,0,2,0,0,0,0,0,0
2nd-TPDNAP-DE4-p1,Barcode1-Barcode1,1,Barcode1,Barcode1,1,0,0,0,0,0,0,0,0
2nd-TPDNAP-DE4-p1,Barcode1-Barcode22,1,Barcode1,Barcode22,1,0,0,0,0,0,0,0,0
2nd-TPDNAP-DE4-p1,fail-fail,1,fail,fail,1,0,1,0,0,0,1,0,0
TPDNAP-DE4-p1,pGR481ctrl,10129,Barcode4,Barcode1,10129,1,0,0,0,0,0,0,0
TPDNAP-DE4-p1,R682S-K777M--I752-Y864-R969..U15-G10,1183,Barcode19,Barcode28,1183,0,0,0,0,0,0,0,0
TPDNAP-DE4-p1,trixy..UW78-B12,963,Barcode4,Barcode34,963,0,0,0,0,0,0,0,0
TPDNAP-DE4-p1,N683S-K777R--D362-S900-Q925..U710-H10,961,Barcode22,Barcode28,961,110,0,0,0,0,0,0,0
TPDNAP-DE4-p1,D543G-A912T--..U58new-C12,901,Barcode7,Barcode34,901,0,0,0,0,0,0,0,0
TPDNAP-DE4-p1,K777T--A961..UW78new-B10,894,Barcode4,Barcode28,894,1,0,0,0,0,0,0,0
TPDNAP-DE4-p1,N683S-K777R--D362-S900-Q925..U710-H8,857,Barcode22,Barcode22,857,87,0,0,0,19,0,0,0
TPDNAP-DE4-p1,R334K--K302..UW5-A10,851,Barcode1,Barcode28,851,0,0,0,0,0,0,0,0
TPDNAP-DE4-p1,N683S-K777R--D362-S900-Q925..U710-H12,850,Barcode22,Barcode34,850,81,0,0,0,0,0,0,0
TPDNAP-DE4-p1,R682S-K777M--I752-Y864-R969..U15-G12,838,Barcode19,Barcode34,838,0,0,0,0,0,0,0,0
TPDNAP-DE4-p1,L477M-K777T--F429-D504..U58-C8,733,Barcode7,Barcode22,733,0,0,0,0,18,0,0,0
TPDNAP-DE4-p1,trixy..UW78-B11,698,Barcode4,Barcode31,698,0,0,0,0,0,0,0,0
TPDNAP-DE4-p1,M587L--S830..UW5-A8,696,Barcode1,Barcode22,696,0,0,0,0,16,0,0,0
TPDNAP-DE4-p1,E263D-K777M--S721..U15-G11,671,Barcode19,Barcode31,671,1,0,0,0,2,0,0,0
TPDNAP-DE4-p1,--E527..U15-G8,670,Barcode19,Barcode22,670,0,0,0,0,16,0,0,0
TPDNAP-DE4-p1,--I265-A709..UW78-A12,635,Barcode1,Barcode34,635,0,0,0,0,0,0,0,0
TPDNAP-DE4-p1,D347N-E569A--..UW78-A11,626,Barcode1,Barcode31,626,0,0,0,0,0,0,0,0
TPDNAP-DE4-p1,I824T-K825R--..U58-B8,624,Barcode4,Barcode22,624,0,0,0,0,16,0,0,0
TPDNAP-DE4-p1,--P373..U710-H9,610,Barcode22,Barcode25,610,56,0,0,0,1,0,0,0
TPDNAP-DE4-p1,L477M-K777T--F429-D504..U58new-C10,597,Barcode7,Barcode28,597,0,0,0,0,0,0,0,0
TPDNAP-DE4-p1,--K349-S471-P496-I623-F793..U710-H3,585,Barcode22,Barcode7,585,62,0,0,0,0,0,0,0
TPDNAP-DE4-p1,--Y316-G672..U58-B9,547,Barcode4,Barcode25,547,0,0,0,0,0,0,0,0
TPDNAP-DE4-p1,I824T-K825R--..U58-C3,528,Barcode7,Barcode7,528,0,0,0,0,0,0,0,0
TPDNAP-DE4-p1,A458V--L279-S297-V523..U710-H11,522,Barcode22,Barcode31,522,45,0,0,0,0,0,0,0
TPDNAP-DE4-p1,A458V--L279-S297-V523..U710-H1,490,Barcode22,Barcode1,490,52,0,0,0,0,0,0,0
TPDNAP-DE4-p1,trixy..UW12-A3,473,Barcode1,Barcode7,473,0,0,0,0,1,0,0,0
TPDNAP-DE4-p1,R682I--T712..UW5-A9,472,Barcode1,Barcode25,472,0,0,0,0,1,0,0,0
TPDNAP-DE4-p1,L477M-K777T--F429-D504..U58-B2,470,Barcode4,Barcode4,470,0,0,0,0,0,0,0,0
TPDNAP-DE4-p1,A458V--L279-S297-V523..U710-H2,462,Barcode22,Barcode4,462,42,0,0,0,0,0,0,0
TPDNAP-DE4-p1,trixy..U58-C9,441,Barcode7,Barcode25,441,1,0,0,0,2,0,0,0
TPDNAP-DE4-p1,T489A--..UW12-A1,431,Barcode1,Barcode1,431,0,0,0,0,0,0,0,0
TPDNAP-DE4-p1,--V678-A709-G719..U15-G9,408,Barcode19,Barcode25,408,0,0,0,0,0,0,0,0
TPDNAP-DE4-p1,I824T-K825R--..U58-C1,392,Barcode7,Barcode1,392,0,0,0,0,0,0,0,0
TPDNAP-DE4-p1,???--U58new-C11,385,Barcode7,Barcode31,385,0,0,0,0,0,0,0,0
TPDNAP-DE4-p1,trixy..UW12-A2,366,Barcode1,Barcode4,366,0,0,0,0,0,0,0,0
TPDNAP-DE4-p1,N449D--R845..U15-G1,361,Barcode19,Barcode1,361,0,0,0,0,0,0,0,0
TPDNAP-DE4-p1,trixy..U15-G2,357,Barcode19,Barcode4,357,0,0,0,0,0,0,0,0
TPDNAP-DE4-p1,E266D-Q598K-N713S--E980..U58-C2,321,Barcode7,Barcode4,321,0,0,0,0,0,0,0,0
TPDNAP-DE4-p1,trixy..U15-G3,321,Barcode19,Barcode7,321,0,0,0,0,0,0,0,0
TPDNAP-DE4-p1,R682I--T712..UW5-A7,214,Barcode1,Barcode19,214,0,0,0,0,0,0,0,0
TPDNAP-DE4-p1,F702I-I761L-I863V--L500..U58-B7,200,Barcode4,Barcode19,200,0,0,0,0,0,0,0,0
TPDNAP-DE4-p1,N449D--R845..U15-G7,192,Barcode19,Barcode19,192,0,0,0,0,0,0,0,0
TPDNAP-DE4-p1,N259Y-R395K--H609..U58-C7,189,Barcode7,Barcode19,189,0,0,0,0,0,0,0,0
TPDNAP-DE4-p1,N683S-K777R--D362-S900-Q925..U710-H7,187,Barcode22,Barcode19,187,15,0,0,0,0,0,0,0
TPDNAP-DE4-p1,fail-Barcode28,66,fail,Barcode28,66,0,21,43,2,0,0,0,0
TPDNAP-DE4-p1,fail-Barcode1,64,fail,Barcode1,64,0,38,26,0,0,0,0,0
TPDNAP-DE4-p1,fail-Barcode22,61,fail,Barcode22,61,0,25,34,2,6,0,0,0
TPDNAP-DE4-p1,fail-Barcode34,58,fail,Barcode34,58,0,29,28,1,0,0,0,0
TPDNAP-DE4-p1,Barcode4-fail,53,Barcode4,fail,53,0,0,0,0,0,52,1,0
TPDNAP-DE4-p1,fail-Barcode31,47,fail,Barcode31,47,0,24,21,2,0,0,0,0
TPDNAP-DE4-p1,fail-Barcode25,46,fail,Barcode25,46,0,16,30,0,0,0,0,0
TPDNAP-DE4-p1,fail-Barcode4,44,fail,Barcode4,44,0,14,29,1,0,0,0,0
TPDNAP-DE4-p1,fail-Barcode7,33,fail,Barcode7,33,0,16,17,0,0,0,0,0
TPDNAP-DE4-p1,fail-Barcode19,14,fail,Barcode19,14,0,5,8,1,0,0,0,0
TPDNAP-DE4-p1,Barcode19-fail,10,Barcode19,fail,10,0,0,0,0,0,9,1,0
TPDNAP-DE4-p1,Barcode22-fail,7,Barcode22,fail,7,0,0,0,0,0,7,0,0
TPDNAP-DE4-p1,Barcode1-fail,6,Barcode1,fail,6,0,0,0,0,0,6,0,0
TPDNAP-DE4-p1,Barcode7-fail,5,Barcode7,fail,5,0,0,0,0,0,5,0,0
TPDNAP-DE4-p1,fail-fail,4,fail,fail,4,0,1,3,0,0,3,1,0
TPDNAP-DE4-p1,Barcode10-Barcode25,1,Barcode10,Barcode25,1,0,0,0,0,0,0,0,0
TPDNAP-DE4-p1,Barcode16-Barcode34,1,Barcode16,Barcode34,1,0,0,0,0,0,0,0,0
