,,barcode_types,
tag,barcodeGroup,fwd,rvs
2nd-TPDNAP-DE4-p1,trixy..U14-D1,Barcode10,Barcode1
2nd-TPDNAP-DE4-p1,trixy..U14-D2,Barcode10,Barcode4
2nd-TPDNAP-DE4-p1,trixy..U14-D6,Barcode10,Barcode16
2nd-TPDNAP-DE4-p1,trixy..U14-E11,Barcode13,Barcode31
TPDNAP-DE4-p1,trixy..U15-G2,Barcode19,Barcode4
TPDNAP-DE4-p1,trixy..U15-G3,Barcode19,Barcode7
TPDNAP-DE4-p1,trixy..U58-C9,Barcode7,Barcode25
2nd-TPDNAP-DE4-p1,trixy..U910-F2,Barcode16,Barcode4
TPDNAP-DE4-p1,trixy..UW12-A2,Barcode1,Barcode4
TPDNAP-DE4-p1,trixy..UW12-A3,Barcode1,Barcode7
2nd-TPDNAP-DE4-p1,trixy..UW12-A4,Barcode1,Barcode10
TPDNAP-DE4-p1,trixy..UW78-B11,Barcode4,Barcode31
TPDNAP-DE4-p1,trixy..UW78-B12,Barcode4,Barcode34
TPDNAP-DE4-p1,--E527..U15-G8,Barcode19,Barcode22
TPDNAP-DE4-p1,--I265-A709..UW78-A12,Barcode1,Barcode34
2nd-TPDNAP-DE4-p1,--I265..UW34-A5,Barcode1,Barcode13
TPDNAP-DE4-p1,--K349-S471-P496-I623-F793..U710-H3,Barcode22,Barcode7
2nd-TPDNAP-DE4-p1,--L473..U14-D10,Barcode10,Barcode28
2nd-TPDNAP-DE4-p1,--N450-V838..U14-D5,Barcode10,Barcode13
TPDNAP-DE4-p1,--P373..U710-H9,Barcode22,Barcode25
2nd-TPDNAP-DE4-p1,--R448..U910-F3,Barcode16,Barcode7
2nd-TPDNAP-DE4-p1,--T706..U14-D4,Barcode10,Barcode10
TPDNAP-DE4-p1,--V678-A709-G719..U15-G9,Barcode19,Barcode25
TPDNAP-DE4-p1,--Y316-G672..U58-B9,Barcode4,Barcode25
2nd-TPDNAP-DE4-p1,--Y921-E933-*988..U910-F5,Barcode16,Barcode13
2nd-TPDNAP-DE4-p1,--Y921-E933-*988..U910-F7,Barcode16,Barcode19
TPDNAP-DE4-p1,A458V--L279-S297-V523..U710-H1,Barcode22,Barcode1
TPDNAP-DE4-p1,A458V--L279-S297-V523..U710-H11,Barcode22,Barcode31
TPDNAP-DE4-p1,A458V--L279-S297-V523..U710-H2,Barcode22,Barcode4
2nd-TPDNAP-DE4-p1,A458V--L279-S297-V523..U710-H6,Barcode22,Barcode16
2nd-TPDNAP-DE4-p1,D257H--..U14-E10,Barcode13,Barcode28
TPDNAP-DE4-p1,D347N-E569A--..UW78-A11,Barcode1,Barcode31
TPDNAP-DE4-p1,D543G-A912T--..U58new-C12,Barcode7,Barcode34
2nd-TPDNAP-DE4-p1,E263D-K777M--S721..U14-D9,Barcode10,Barcode25
2nd-TPDNAP-DE4-p1,E263D-K777M--S721..U14-E3,Barcode13,Barcode7
TPDNAP-DE4-p1,E263D-K777M--S721..U15-G11,Barcode19,Barcode31
TPDNAP-DE4-p1,E266D-Q598K-N713S--E980..U58-C2,Barcode7,Barcode4
2nd-TPDNAP-DE4-p1,E266D-Q598K-N713S--E980..U58-C6,Barcode7,Barcode16
2nd-TPDNAP-DE4-p1,E266G--V890..U910-F1,Barcode16,Barcode1
TPDNAP-DE4-p1,F702I-I761L-I863V--L500..U58-B7,Barcode4,Barcode19
2nd-TPDNAP-DE4-p1,G461D-E861V--..U14-D3,Barcode10,Barcode7
2nd-TPDNAP-DE4-p1,I824T-K825R--..U58-B4,Barcode4,Barcode10
2nd-TPDNAP-DE4-p1,I824T-K825R--..U58-B5,Barcode4,Barcode13
2nd-TPDNAP-DE4-p1,I824T-K825R--..U58-B6,Barcode4,Barcode16
TPDNAP-DE4-p1,I824T-K825R--..U58-B8,Barcode4,Barcode22
TPDNAP-DE4-p1,I824T-K825R--..U58-C1,Barcode7,Barcode1
TPDNAP-DE4-p1,I824T-K825R--..U58-C3,Barcode7,Barcode7
2nd-TPDNAP-DE4-p1,I824T-K825R--..U58-C5,Barcode7,Barcode13
2nd-TPDNAP-DE4-p1,K668R--Y674..U14-D11,Barcode10,Barcode31
TPDNAP-DE4-p1,K777T--A961..UW78new-B10,Barcode4,Barcode28
2nd-TPDNAP-DE4-p1,K777T-G887D--..U14-D7,Barcode10,Barcode19
2nd-TPDNAP-DE4-p1,K878E--..U910-F4,Barcode16,Barcode10
2nd-TPDNAP-DE4-p1,K878E--..U910-F6,Barcode16,Barcode16
2nd-TPDNAP-DE4-p1,L474M-I536V--..U910-F10,Barcode16,Barcode28
2nd-TPDNAP-DE4-p1,L474M-I536V--..U910-F12,Barcode16,Barcode34
2nd-TPDNAP-DE4-p1,L474M-I536V--..U910-F9,Barcode16,Barcode25
2nd-TPDNAP-DE4-p1,L477M-K777T--F429-D504..U14-E8,Barcode13,Barcode22
TPDNAP-DE4-p1,L477M-K777T--F429-D504..U58-B2,Barcode4,Barcode4
2nd-TPDNAP-DE4-p1,L477M-K777T--F429-D504..U58-C4,Barcode7,Barcode10
TPDNAP-DE4-p1,L477M-K777T--F429-D504..U58-C8,Barcode7,Barcode22
TPDNAP-DE4-p1,L477M-K777T--F429-D504..U58new-C10,Barcode7,Barcode28
TPDNAP-DE4-p1,M587L--S830..UW5-A8,Barcode1,Barcode22
TPDNAP-DE4-p1,N259Y-R395K--H609..U58-C7,Barcode7,Barcode19
2nd-TPDNAP-DE4-p1,N282D-F304L-A458S--V524..U14-E4,Barcode13,Barcode10
TPDNAP-DE4-p1,N449D--R845..U15-G1,Barcode19,Barcode1
TPDNAP-DE4-p1,N449D--R845..U15-G7,Barcode19,Barcode19
TPDNAP-DE4-p1,N683S-K777R--D362-S900-Q925..U710-H10,Barcode22,Barcode28
TPDNAP-DE4-p1,N683S-K777R--D362-S900-Q925..U710-H12,Barcode22,Barcode34
2nd-TPDNAP-DE4-p1,N683S-K777R--D362-S900-Q925..U710-H4,Barcode22,Barcode10
TPDNAP-DE4-p1,N683S-K777R--D362-S900-Q925..U710-H7,Barcode22,Barcode19
TPDNAP-DE4-p1,N683S-K777R--D362-S900-Q925..U710-H8,Barcode22,Barcode22
2nd-TPDNAP-DE4-p1,N725I--T310-S340-V583..U710-H5,Barcode22,Barcode13
2nd-TPDNAP-DE4-p1,N725Y--..U14-D8,Barcode10,Barcode22
2nd-TPDNAP-DE4-p1,N725Y--..U14-E2,Barcode13,Barcode4
2nd-TPDNAP-DE4-p1,N725Y--..U14-E5,Barcode13,Barcode13
2nd-TPDNAP-DE4-p1,N725Y--..U14-E9,Barcode13,Barcode25
2nd-TPDNAP-DE4-p1,N880S--L419-R677..UW34-A6,Barcode1,Barcode16
2nd-TPDNAP-DE4-p1,N981I--E527..U910-F11,Barcode16,Barcode31
2nd-TPDNAP-DE4-p1,N981S--S831..U910-E1,Barcode13,Barcode1
TPDNAP-DE4-p1,noDNActrl,Barcode4,Barcode7
TPDNAP-DE4-p1,pGR481ctrl,Barcode4,Barcode1
2nd-TPDNAP-DE4-p1,pGR481ctrl,Barcode4,Barcode1
2nd-TPDNAP-DE4-p1,Q255H-K349I-F796V--A951..U910-F8,Barcode16,Barcode22
TPDNAP-DE4-p1,R334K--K302..UW5-A10,Barcode1,Barcode28
TPDNAP-DE4-p1,R682I--T712..UW5-A7,Barcode1,Barcode19
TPDNAP-DE4-p1,R682I--T712..UW5-A9,Barcode1,Barcode25
TPDNAP-DE4-p1,R682S-K777M--I752-Y864-R969..U15-G10,Barcode19,Barcode28
TPDNAP-DE4-p1,R682S-K777M--I752-Y864-R969..U15-G12,Barcode19,Barcode34
2nd-TPDNAP-DE4-p1,R682S-K777M--I752-Y864-R969..U15-G4,Barcode19,Barcode10
2nd-TPDNAP-DE4-p1,R682S-K777M--I752-Y864-R969..U15-G5,Barcode19,Barcode13
2nd-TPDNAP-DE4-p1,R682S-K777M--I752-Y864-R969..U15-G6,Barcode19,Barcode16
2nd-TPDNAP-DE4-p1,S289T--T489..U14-E7,Barcode13,Barcode19
2nd-TPDNAP-DE4-p1,S289T-I432V--N701-S740..U14-E12,Barcode13,Barcode34
2nd-TPDNAP-DE4-p1,S733T-D802N-H873Q--..U14-E6,Barcode13,Barcode16
TPDNAP-DE4-p1,T489A--..UW12-A1,Barcode1,Barcode1
2nd-TPDNAP-DE4-p1,T532S-F616Y--G658..U14-D12,Barcode10,Barcode34
TPDNAP-DE4-p1,???--U58new-C11,Barcode7,Barcode31
